{
  "simulation_id": "balanced_bologna_coppia_1762437888",
  "scenario_name": "bologna_coppia",
  "model_name": "balanced",
  "num_episodes": 2,
  "timestamp": "2025-11-06T15:04:48.814887",
  "seed": 42,
  "duration_mean": 14.0,
  "duration_std": 0.0,
  "final_cash_mean": -399.0344302339763,
  "final_cash_std": 87.68282164182858,
  "final_invested_mean": 14763.797187805176,
  "final_invested_std": 0.0,
  "final_portfolio_mean": 0.0,
  "final_portfolio_std": 0.0,
  "total_wealth_mean": -399.0344302339763,
  "total_wealth_std": 87.68282164182858,
  "investment_gains_mean": -14763.797187805176,
  "investment_gains_std": 0.0,
  "avg_invest_pct": 0.3220434784889221,
  "avg_save_pct": 0.35591307282447815,
  "avg_consume_pct": 0.3220434784889221,
  "episodes": [
    {
      "episode_id": 0,
      "duration": 14,
      "final_cash": -311.3516085921477,
      "final_invested": 14763.797187805176,
      "final_portfolio_value": 0.0,
      "total_wealth": -311.3516085921477,
      "investment_gains": -14763.797187805176,
      "months": [
        1,
        2,
        3,
        4,
        5,
        6,
        7,
        8,
        9,
        10,
        11,
        12,
        13,
        14
      ],
      "cash_history": [
        9514.597496093107,
        8872.224207777617,
        8327.318332124203,
        7466.763941365487,
        6880.691134667451,
        6253.944745006473,
        5478.733373702082,
        4963.101974286413,
        4296.341570191335,
        3570.5223557694335,
        2437.6473970279776,
        1473.9234095120596,
        558.1650895614944,
        -311.3516085921477
      ],
      "invested_history": [
        1054.556941986084,
        2109.113883972168,
        3163.670825958252,
        4218.227767944336,
        5272.78470993042,
        6327.341651916504,
        7381.898593902588,
        8436.455535888672,
        9491.012477874756,
        10545.56941986084,
        11600.126361846924,
        12654.683303833008,
        13709.240245819092,
        14763.797187805176
      ],
      "portfolio_history": [
        0.0,
        0.0,
        0.0,
        0.0,
        0.0,
        0.0,
        0.0,
        0.0,
        0.0,
        0.0,
        0.0,
        0.0,
        0.0,
        0.0
      ],
      "actions": [
        [
          0.3220434784889221,
          0.35591307282447815,
          0.3220434784889221
        ],
        [
          0.3220434784889221,
          0.35591307282447815,
          0.3220434784889221
        ],
        [
          0.3220434784889221,
          0.35591307282447815,
          0.3220434784889221
        ],
        [
          0.3220434784889221,
          0.35591307282447815,
          0.3220434784889221
        ],
        [
          0.3220434784889221,
          0.35591307282447815,
          0.3220434784889221
        ],
        [
          0.3220434784889221,
          0.35591307282447815,
          0.3220434784889221
        ],
        [
          0.3220434784889221,
          0.35591307282447815,
          0.3220434784889221
        ],
        [
          0.3220434784889221,
          0.35591307282447815,
          0.3220434784889221
        ],
        [
          0.3220434784889221,
          0.35591307282447815,
          0.3220434784889221
        ],
        [
          0.3220434784889221,
          0.35591307282447815,
          0.3220434784889221
        ],
        [
          0.3220434784889221,
          0.35591307282447815,
          0.3220434784889221
        ],
        [
          0.3220434784889221,
          0.35591307282447815,
          0.3220434784889221
        ],
        [
          0.3220434784889221,
          0.35591307282447815,
          0.3220434784889221
        ],
        [
          0.3220434784889221,
          0.35591307282447815,
          0.3220434784889221
        ]
      ]
    },
    {
      "episode_id": 1,
      "duration": 14,
      "final_cash": -486.7172518758049,
      "final_invested": 14763.797187805176,
      "final_portfolio_value": 0.0,
      "total_wealth": -486.7172518758049,
      "investment_gains": -14763.797187805176,
      "months": [
        1,
        2,
        3,
        4,
        5,
        6,
        7,
        8,
        9,
        10,
        11,
        12,
        13,
        14
      ],
      "cash_history": [
        9538.072201732288,
        9086.856371417301,
        8508.190104816122,
        7763.40590327825,
        7073.547385496438,
        6579.110554316614,
        5727.934023822529,
        4966.084383237766,
        4370.5746822577385,
        3576.3055162379387,
        2615.101220837506,
        1612.1242013214364,
        716.64439056533,
        -486.7172518758049
      ],
      "invested_history": [
        1054.556941986084,
        2109.113883972168,
        3163.670825958252,
        4218.227767944336,
        5272.78470993042,
        6327.341651916504,
        7381.898593902588,
        8436.455535888672,
        9491.012477874756,
        10545.56941986084,
        11600.126361846924,
        12654.683303833008,
        13709.240245819092,
        14763.797187805176
      ],
      "portfolio_history": [
        0.0,
        0.0,
        0.0,
        0.0,
        0.0,
        0.0,
        0.0,
        0.0,
        0.0,
        0.0,
        0.0,
        0.0,
        0.0,
        0.0
      ],
      "actions": [
        [
          0.3220434784889221,
          0.35591307282447815,
          0.3220434784889221
        ],
        [
          0.3220434784889221,
          0.35591307282447815,
          0.3220434784889221
        ],
        [
          0.3220434784889221,
          0.35591307282447815,
          0.3220434784889221
        ],
        [
          0.3220434784889221,
          0.35591307282447815,
          0.3220434784889221
        ],
        [
          0.3220434784889221,
          0.35591307282447815,
          0.3220434784889221
        ],
        [
          0.3220434784889221,
          0.35591307282447815,
          0.3220434784889221
        ],
        [
          0.3220434784889221,
          0.35591307282447815,
          0.3220434784889221
        ],
        [
          0.3220434784889221,
          0.35591307282447815,
          0.3220434784889221
        ],
        [
          0.3220434784889221,
          0.35591307282447815,
          0.3220434784889221
        ],
        [
          0.3220434784889221,
          0.35591307282447815,
          0.3220434784889221
        ],
        [
          0.3220434784889221,
          0.35591307282447815,
          0.3220434784889221
        ],
        [
          0.3220434784889221,
          0.35591307282447815,
          0.3220434784889221
        ],
        [
          0.3220434784889221,
          0.35591307282447815,
          0.3220434784889221
        ],
        [
          0.3220434784889221,
          0.35591307282447815,
          0.3220434784889221
        ]
      ]
    }
  ]
}